신청,사용,학생,촬영,인사,캠,대여,예약,운동장,전문의,가능,예비군,안내,시간,아래,단체,학교,학위,복,진행,학기,졸업,해당,학기,장소교,훈련,변경,접수,반드시,대상
지원,활동,신청,대학,모집,학생,참여,제출,봉사,선발,교육,문의,접수,프로그램,가능,재학생,한국,멘토,작성,안내,진행,지급,서울,이상,서류,사업,장학금,통해,운영,참가
신청,수강,학생,학기,학기,마감,가능,제출,학점,인정이,수학과,안내,대학,수업,원문,과목,반드시,이상,성적,해당,학기,학사,기간,교과목,후예,정확,불가,본교,졸업,선발
학교,근무,제출,지원,행정,본교,서류,문의,모집,면접,접수,채용,업무,개별,가능,부대,학우,아래,다음,반환,합격자,수원,기재,학사,명,이메일,이력서,교육,연구,기타
세미나,모시,참석,균,나노,과학기술원,관심,개최,오니,분,교수,에너지,과학,삼성,장소,수석,박사,포항,일시,고려,참여,서울대학교,한국,연구
신청,학자금,대출,학생,대학생,등록금,학기,한국,장학금,학기,환지,이상,제외,이후,소득,반드시,가능,재학,이자,발생,내,제출,참고,생활비,국가,안내,교육성,동의,기준,주민
구지원,제출,모집,분야,참여,문의,부,박사,대학,학생,사업,관련,신청,접수,무위,가능,이상,전문,교육,관심,자연과학,채용,기술,면접,서류,개발,이메일,포함,국교,수전
실험,참여,참가,시간,모집,연락,아래,진행,소요,신청,설문,인터,랙션,지급,가능,센터,사용,한국,제관,통해,장비,예정,행동,링크,모두,대상,문의,담당자
신청,장학,선발,제출,학생,지급,부,이상,대학,학기,학기,성적,서류,국가장학금,재학,가능,반드시,등록금,접수,학기,기준,해당,수혜,재단,차제,외문,한국,학업,예정,대상
참여,제출,참가,접수,대학,균,학생,문의,신청,발표,통해,이메일,영상,작품,아이디어,위해,안내,선정,온라인,진행,관련,관심,정위,가능,한국,이번,우리
논문,인문과학,투고,연구,교육,반드시,게재,학교,강사,작성,종로구,온라인,서울특별시,상의,시기,혁신,심사,비,통해,학술,공모,전환,아래,접수,기한,원고지,제출,번지,참고,대학원생
성법,글쓰기,취업,준비,생,학부,대학,다분,또한,직무,적성,에세이,이용,여러분,배포,삼성,도움,활용,클리,닉,명륜,컴넷,가이드북,중앙,도서관,학술,정보,관,중,파일
장소,대학,문의,일시,참여,학생,관심사,학과,아래,참석,개최,신청,안내,본교,참가,행사,교수,주제,대상,학부,모집,진학,진행자,캠,강연,부탁,오후,통해,일반,대학원
지원,제출,선발,대학,학생,파견,신청,접수,서류,모집,문의,이상,관련,장학,첨부,면접,부,가능,학기,학기,참조,해외,프로그램,반드시,정성,연구,이메일,작성,교환,아래
참여,균,프로,통해,장소,학생,문의,일시,대학,신청,교육,교수,관심,지원,미래,글로벌,융합,진행,관련,위해,참가,산업,인문,국제,활용,스마트,온라인,사업
연구소장,주최,일시,교수,동아시아,한국,발표,사회,퇴계,문관,이번,주제,인문,초청,참여,미래,사업,주관,논평,중국,유교,강연,주년,기념관,국제,문화,문의,학술,관심,특강
근무,지원,학생,모집,가능,업무,제출,문의,아래,인사,캠,근로,채용,우대,면접,휴학생,기타,개별,접수,국제,제목,이력서,관심,이상,기숙사,본교,서류,메일,캠,첨부
신청,이용,피트니스,등록,교직원,운동,개월,학생,방문,개월,자연과학,요가,사용,가상,개월,선택,헬스,불가,대학원,작성,문의,공개,스쿼시,언제,완료,입금,구성원,킹,포털,가능
채용,지원,근무,부접,제출,이상,본교,서류,관련,포함,해소,지자,아래,합격자,경력,대학,서울,연구,면접,개별,전형,첨부,균,운영,재우,교육,명,해당,발표,응시
카운슬링,센터,통해,자연과학,제공,문의,관심,등,주간,심리,현재,기회,학생,방문,적자,신의,예약,상담,진행,이용,안내,여름방학,호등,검사,겨울방학,마련,설명,직접,기초,학문
시험,응시,신청,학생,의안,접수,수강,홍길동,입실,본교,행정,균,합격,학기,진행,첨부,강의,인사,캠,창의,품,가능,취득,와룡,교육,차로,스쿨,면접,학기,일정
신청,학생,프로그램,참여,학교,문의,교육,지원,진행,대학,모집,마감,온라인,참가,대상,장소,관심,활동,아래,강제,일정,일시,특강,인사,캠,예정,위해,글로벌,교수
종합,모시,자연과학,개최,오니,일시,김영진,문의,장소,참석,주제,관심,초청,첨단,강의,실행,정실,세미나,다음,아래,후성,균,나노,과학기술원,연사,제목
창업,지원,신청,사업,모집,참여,프로그램,접수,제출,교육,타운,참가,기술,문의,대학,학생,가능,예비,기업,분야,관심,통해,대상,부,첨부,청년,진행,선정,작성,스타트업
신청,기숙사,납부,가능,환불,학생,학기,학기,제출,안내,기간,선택,입금,휴학,문의,수강,하우스,인사,캠,불가,반드시,출력,개별,복학,선발,방문,외국인,우리,차일,학적
